timestamp,bounty_id,platform,url,estimated_reward
2026-05-06T11:37:11.584098,manual_test_001,github,https://github.com/example/repo/issues/1,5.0
2026-05-06T11:37:11.599798,manual_test_001,github,https://github.com/example/repo/issues/1,5.0
2026-05-06T11:38:25.956310,gh_66e5ff47,github,https://github.com/bentleypark/aiwatch/issues/393,0.0
2026-05-06T11:38:29.782509,gh_cc5c454e,github,https://github.com/bentleypark/aiwatch/issues/392,0.0
2026-05-06T11:38:33.812724,gh_b9b9dbea,github,https://github.com/bentleypark/aiwatch/issues/391,0.0
2026-05-06T11:41:00.666489,gh_0dfe6a0e,github,https://github.com/ayush-sharma07/NexaSphere/issues/16,0.0
2026-05-06T11:45:29.530164,gh_f76d8c6b,github,https://github.com/kts-org/NEWTESTING/issues/11,0.0
2026-05-06T11:50:53.352978,gh_3c883d90,github,https://github.com/hunter-new-org/test-repo_Restore_at_2026-05-06_04-46-36_UTC/issues/1,0.0
2026-05-06T11:52:11.584152,gh_cb7e45d7,github,https://github.com/lingdojo/kana-dojo/issues/15857,0.0
2026-05-06T11:54:34.955605,gh_c4b798a3,github,https://github.com/AzamAliCodes/eccoinvest/issues/1,0.0
2026-05-06T11:55:57.843670,gh_b75919c5,github,https://github.com/atu1ya/CITS3403-Awesome-Group/issues/42,0.0
2026-05-06T12:02:00.768374,gh_917e5ef6,github,https://github.com/dsigninfinnium/Daku_Gabbar/issues/7,0.0
2026-05-06T12:02:04.909558,gh_e0d44fa2,github,https://github.com/almadhlom/almadhlom/issues/193,0.0
2026-05-06T12:02:09.477524,gh_b9ae0b5e,github,https://github.com/almadhlom/cyber-security-basics/issues/192,0.0
2026-05-06T12:02:13.945583,gh_63f09cc1,github,https://github.com/lingdojo/kana-dojo/issues/15858,0.0
2026-05-06T12:07:08.964810,gh_c10c570a,github,https://github.com/kts-org/NEWTESTING/issues/13,0.0
2026-05-06T12:12:57.787431,gh_d98d445f,github,https://github.com/atharvnaik1/ipaship-app-reviewer/issues/92,0.0
2026-05-06T12:17:57.142964,gh_b1497217,github,https://github.com/lingdojo/kana-dojo/issues/15859,0.0
2026-05-06T12:25:06.070831,gh_5c7b4644,github,https://github.com/HKUDS/nanobot/issues/3638,0.0
2026-05-06T12:31:13.348349,gh_e41573a0,github,https://github.com/isct-meken-dev/meken-HMtest/issues/70,0.0
2026-05-06T12:31:17.890276,gh_4cebfb99,github,https://github.com/nnotych/Telegram-anon-chat-match-bot/issues/1,0.0
2026-05-06T12:32:35.803342,gh_e13ff69c,github,https://github.com/devedmonton/DES-Website/issues/525,0.0
2026-05-06T12:35:00.769103,gh_09eafe4c,github,https://github.com/lingdojo/kana-dojo/issues/15860,0.0
2026-05-06T12:41:07.828608,gh_bc98ef67,github,https://github.com/AditthyaSS/iloveAgents/issues/24,0.0
2026-05-06T12:42:22.309449,gh_b5ed91c7,github,https://github.com/AditthyaSS/iloveAgents/issues/25,0.0
2026-05-06T12:43:39.507838,gh_1892fc79,github,https://github.com/AditthyaSS/iloveAgents/issues/26,0.0
2026-05-06T12:52:51.169748,gh_3ef7deb7,github,https://github.com/lingdojo/kana-dojo/issues/15861,0.0
2026-05-06T12:56:22.551383,gh_9dcb9c81,github,https://github.com/devnchill/dotNix/issues/43,0.0
2026-05-06T13:02:22.536760,gh_defb9ea5,github,https://github.com/rickcedwhat/playwright-smart-table/issues/133,0.0
2026-05-06T13:02:33.129690,gh_96b06487,github,https://github.com/rickcedwhat/playwright-smart-table/issues/132,0.0
2026-05-06T13:02:33.406232,gh_96b06487,github,https://github.com/rickcedwhat/playwright-smart-table/issues/132,0.0
2026-05-06T13:02:39.647859,gh_cc6e22dd,github,https://github.com/lingdojo/kana-dojo/issues/15862,0.0
2026-05-06T13:02:39.652900,gh_cc6e22dd,github,https://github.com/lingdojo/kana-dojo/issues/15862,0.0
2026-05-06T13:07:31.120646,gh_59792262,github,https://github.com/internetarchive/openlibrary/issues/12649,0.0
2026-05-06T13:07:31.403046,gh_59792262,github,https://github.com/internetarchive/openlibrary/issues/12649,0.0
2026-05-06T13:09:56.086895,gh_6d199754,github,https://github.com/kovzol/aris/issues/55,0.0
2026-05-06T13:09:56.394198,gh_6d199754,github,https://github.com/kovzol/aris/issues/55,0.0
2026-05-06T13:17:55.115741,gh_eb3762f4,github,https://github.com/lingdojo/kana-dojo/issues/15863,0.0
2026-05-06T13:21:35.544092,gh_113fe87f,github,https://github.com/avpt-testorg/repo-1st_Restore_at_2026-05-06_06-19-26_UTC/issues/1,0.0
2026-05-06T13:22:01.855737,gh_b7a44fb1,github,https://github.com/avpt-testorg/repo-1st_Restore_at_2026-05-06_06-19-26_UTC/issues/6,0.0
2026-05-06T13:22:49.374344,gh_acd14919,github,https://github.com/avpt-testorg/repo-1st_Restore_at_2026-05-06_06-19-26_UTC/issues/13,0.0
2026-05-06T13:22:53.870375,gh_e3771d0f,github,https://github.com/avpt-testorg/repo-1st_Restore_at_2026-05-06_06-19-26_UTC/issues/9,0.0
2026-05-06T13:23:24.599481,gh_679f7997,github,https://github.com/avpt-testorg/repo-1st_Restore_at_2026-05-06_06-19-26_UTC/issues/17,0.0
2026-05-06T13:23:28.767608,gh_ccfe2a55,github,https://github.com/eyetn/SAE-TEST/issues/1,0.0
2026-05-06T13:24:07.244156,gh_0d3f060f,github,https://github.com/avpt-testorg/repo-1st_Restore_at_2026-05-06_06-19-26_UTC/issues/21,0.0
2026-05-06T13:28:46.087669,gh_7f96598b,github,https://github.com/thrhead/Structra/issues/124,0.0
2026-05-06T13:32:30.026237,gh_ec84cc62,github,https://github.com/avpt-testorg/repo-1st_Restore_at_2026-05-06_06-29-32_UTC/issues/9,0.0
2026-05-06T13:32:31.385364,gh_ec84cc62,github,https://github.com/avpt-testorg/repo-1st_Restore_at_2026-05-06_06-29-32_UTC/issues/9,0.0
2026-05-06T13:32:33.977206,gh_23791812,github,https://github.com/avpt-testorg/repo-1st_Restore_at_2026-05-06_06-29-32_UTC/issues/6,0.0
2026-05-06T13:32:35.520295,gh_23791812,github,https://github.com/avpt-testorg/repo-1st_Restore_at_2026-05-06_06-29-32_UTC/issues/6,0.0
2026-05-06T13:32:38.062820,gh_9954b440,github,https://github.com/spring-petclinic/spring-petclinic-flutter/issues/8,0.0
2026-05-06T13:32:39.603445,gh_9954b440,github,https://github.com/spring-petclinic/spring-petclinic-flutter/issues/8,0.0
2026-05-06T13:32:41.935074,gh_ccfe025c,github,https://github.com/avpt-testorg/repo-1st_Restore_at_2026-05-06_06-29-32_UTC/issues/1,0.0
2026-05-06T13:32:44.033271,gh_ccfe025c,github,https://github.com/avpt-testorg/repo-1st_Restore_at_2026-05-06_06-29-32_UTC/issues/1,0.0
2026-05-06T13:33:58.888637,gh_9c354095,github,https://github.com/avpt-testorg/repo-1st_Restore_at_2026-05-06_06-29-32_UTC/issues/21,0.0
2026-05-06T13:34:03.233823,gh_c306e24c,github,https://github.com/avpt-testorg/repo-1st_Restore_at_2026-05-06_06-29-32_UTC/issues/17,0.0
2026-05-06T13:34:07.554408,gh_37caccda,github,https://github.com/avpt-testorg/repo-1st_Restore_at_2026-05-06_06-29-32_UTC/issues/13,0.0
2026-05-06T13:35:44.919323,gh_5290b83c,github,https://github.com/lingdojo/kana-dojo/issues/15864,0.0
2026-05-06T13:38:41.231009,gh_653440ac,github,https://github.com/ml-explore/mlx/issues/3487,0.0
2026-05-06T13:38:45.513580,gh_f5688928,github,https://github.com/beeware/beeware-docs-tools/issues/219,0.0
2026-05-06T13:47:34.428925,gh_899fbc51,github,https://github.com/vjvkrm/langcost/issues/4,0.0
2026-05-06T13:48:17.516568,gh_eeaaefb5,github,https://github.com/vjvkrm/langcost/issues/5,0.0
2026-05-06T13:53:10.202705,gh_1d1e514b,github,https://github.com/avpt-testorg/repo-1st_Restore_at_2026-05-06_06-51-02_UTC/issues/1,0.0
2026-05-06T13:53:15.223792,gh_2df8c145,github,https://github.com/eclipse-edc/Samples/issues/532,0.0
2026-05-06T13:53:20.852628,gh_c0728a8c,github,https://github.com/lingdojo/kana-dojo/issues/15865,0.0
2026-05-06T13:53:20.859168,gh_c0728a8c,github,https://github.com/lingdojo/kana-dojo/issues/15865,0.0
2026-05-06T13:53:32.943872,gh_ef32aa57,github,https://github.com/hunter-new-org/test-repo_Restore_at_2026-05-06_03-42-41_UTC_Restore_at_2026-05-06_06-49-55_UTC/issues/1,0.0
2026-05-06T13:53:34.129057,gh_ef32aa57,github,https://github.com/hunter-new-org/test-repo_Restore_at_2026-05-06_03-42-41_UTC_Restore_at_2026-05-06_06-49-55_UTC/issues/1,0.0
2026-05-06T13:55:01.568365,gh_1cbca1bc,github,https://github.com/avpt-testorg/repo-1st_Restore_at_2026-05-06_06-51-02_UTC/issues/13,0.0
2026-05-06T13:55:09.780340,gh_b4761e05,github,https://github.com/avpt-testorg/repo-1st_Restore_at_2026-05-06_06-51-02_UTC/issues/9,0.0
2026-05-06T13:55:11.011175,gh_b4761e05,github,https://github.com/avpt-testorg/repo-1st_Restore_at_2026-05-06_06-51-02_UTC/issues/9,0.0
2026-05-06T13:55:14.607502,gh_dee6524d,github,https://github.com/avpt-testorg/repo-1st_Restore_at_2026-05-06_06-51-02_UTC/issues/6,0.0
2026-05-06T13:55:15.680805,gh_dee6524d,github,https://github.com/avpt-testorg/repo-1st_Restore_at_2026-05-06_06-51-02_UTC/issues/6,0.0
2026-05-06T13:55:19.476180,gh_939fff7a,github,https://github.com/spring-petclinic/spring-petclinic-flutter/issues/9,0.0
2026-05-06T13:55:20.873632,gh_939fff7a,github,https://github.com/spring-petclinic/spring-petclinic-flutter/issues/9,0.0
2026-05-06T13:56:46.458645,gh_071697d8,github,https://github.com/kevintxu10/MiPrimerProyecto/issues/1,0.0
2026-05-06T13:56:50.968389,gh_071697d8,github,https://github.com/kevintxu10/MiPrimerProyecto/issues/1,0.0
2026-05-06T13:56:52.685521,gh_418b9990,github,https://github.com/avpt-testorg/repo-1st_Restore_at_2026-05-06_06-51-02_UTC/issues/21,0.0
2026-05-06T13:57:06.378972,gh_ab162b86,github,https://github.com/avpt-testorg/repo-1st_Restore_at_2026-05-06_06-51-02_UTC/issues/17,0.0
2026-05-06T13:57:06.396910,gh_ab162b86,github,https://github.com/avpt-testorg/repo-1st_Restore_at_2026-05-06_06-51-02_UTC/issues/17,0.0
2026-05-06T13:58:42.551042,gh_076d68b2,github,https://github.com/meshery/meshery.io/issues/2666,0.0
2026-05-06T13:58:47.306026,gh_2cfa241b,github,https://github.com/vishnukothakapu/linkid/issues/70,0.0
2026-05-06T14:02:00.133890,gh_74958360,github,https://github.com/BenMasel/agile-web-dev/issues/39,0.0
2026-05-06T14:02:03.370627,gh_74958360,github,https://github.com/BenMasel/agile-web-dev/issues/39,0.0
2026-05-06T14:02:05.104947,gh_8a660c16,github,https://github.com/lingdojo/kana-dojo/issues/15866,0.0
2026-05-06T14:02:07.609298,gh_8a660c16,github,https://github.com/lingdojo/kana-dojo/issues/15866,0.0
2026-05-06T14:02:09.497599,gh_4233b899,github,https://github.com/avpt-testorg/repo-1st_Restore_at_2026-05-06_06-59-15_UTC/issues/1,0.0
2026-05-06T14:02:11.772752,gh_4233b899,github,https://github.com/avpt-testorg/repo-1st_Restore_at_2026-05-06_06-59-15_UTC/issues/1,0.0
2026-05-06T14:04:37.062732,gh_e20e187b,github,https://github.com/avpt-testorg/repo-1st_Restore_at_2026-05-06_06-59-15_UTC/issues/21,0.0
2026-05-06T14:04:41.622126,gh_097b6a0c,github,https://github.com/kevintxu10/MiPrimerProyecto/issues/2,0.0
2026-05-06T14:04:46.225676,gh_6ca3582f,github,https://github.com/dsc-sgu/mm-frontend/issues/41,0.0
2026-05-06T14:04:52.203627,gh_43cf7f2f,github,https://github.com/avpt-testorg/repo-1st_Restore_at_2026-05-06_06-59-15_UTC/issues/17,0.0
2026-05-06T14:05:06.771519,gh_8eae5e98,github,https://github.com/avpt-testorg/repo-1st_Restore_at_2026-05-06_06-59-15_UTC/issues/13,0.0
2026-05-06T14:05:08.066252,gh_8eae5e98,github,https://github.com/avpt-testorg/repo-1st_Restore_at_2026-05-06_06-59-15_UTC/issues/13,0.0
2026-05-06T14:07:37.708651,gh_4e6c31af,github,https://github.com/avpt-testorg/repo-1st_Restore_at_2026-05-06_07-05-26_UTC/issues/1,0.0
2026-05-06T14:08:05.631384,gh_c7152b07,github,https://github.com/avpt-testorg/repo-1st_Restore_at_2026-05-06_07-05-26_UTC/issues/6,0.0
2026-05-06T14:09:35.308526,gh_05ec1e07,github,https://github.com/avpt-testorg/repo-1st_Restore_at_2026-05-06_07-05-26_UTC/issues/13,0.0
2026-05-06T14:09:39.819114,gh_490100de,github,https://github.com/avpt-testorg/repo-1st_Restore_at_2026-05-06_07-05-26_UTC/issues/9,0.0
2026-05-06T14:11:17.321993,gh_10b7456c,github,https://github.com/avpt-testorg/repo-1st_Restore_at_2026-05-06_07-05-26_UTC/issues/21,0.0
2026-05-06T14:11:22.961240,gh_c55205d6,github,https://github.com/avpt-testorg/repo-1st_Restore_at_2026-05-06_07-05-26_UTC/issues/17,0.0
2026-05-06T14:13:12.784990,gh_0cbf02aa,github,https://github.com/layer5io/layer5/issues/7704,0.0
2026-05-06T14:16:17.152985,gh_078b9444,github,https://github.com/mattiasthalen/das-cli/issues/6,0.0
2026-05-06T14:17:11.528001,gh_ef1fc009,github,https://github.com/mattiasthalen/das-cli/issues/7,0.0
2026-05-06T14:17:15.482089,gh_881b02d9,github,https://github.com/avpt-testorg/repo-1st_Restore_at_2026-05-06_07-15-36_UTC/issues/1,0.0
2026-05-06T14:17:19.313365,gh_fb653abc,github,https://github.com/laurigates/kicad-mcp/issues/88,0.0
2026-05-06T14:19:45.522879,gh_a580f6f9,github,https://github.com/vlefebvre21/a2a-mcp-bridge/issues/54,0.0
2026-05-06T14:19:49.407353,gh_a8e0ea5d,github,https://github.com/avpt-testorg/repo-1st_Restore_at_2026-05-06_07-15-36_UTC/issues/13,0.0
2026-05-06T14:19:53.928264,gh_46d32f33,github,https://github.com/avpt-testorg/repo-1st_Restore_at_2026-05-06_07-15-36_UTC/issues/9,0.0
2026-05-06T14:19:58.248579,gh_c287b50a,github,https://github.com/avpt-testorg/repo-1st_Restore_at_2026-05-06_07-15-36_UTC/issues/6,0.0
2026-05-06T14:20:02.144543,gh_a1e0dc0f,github,https://github.com/lingdojo/kana-dojo/issues/15867,0.0
2026-05-06T14:20:24.933249,gh_64864c9f,github,https://github.com/avpt-testorg/repo-1st_Restore_at_2026-05-06_07-15-36_UTC/issues/21,0.0
2026-05-06T14:20:29.507004,gh_6f46c4ab,github,https://github.com/avpt-testorg/repo-1st_Restore_at_2026-05-06_07-15-36_UTC/issues/17,0.0
2026-05-06T14:28:08.893604,gh_330f80ee,github,https://github.com/Tadreeb-LMS/tadreeblms/issues/570,0.0
2026-05-06T14:31:09.469189,gh_c0ecdcb6,github,https://github.com/Plink08/BadmintonQuintusSite/issues/7,0.0
2026-05-06T14:31:13.423830,gh_97f316ff,github,https://github.com/hunter-new-org/test-repo_Restore_at_2026-05-06_03-42-41_UTC_Restore_at_2026-05-06_07-28-52_UTC/issues/1,0.0
2026-05-06T14:31:17.314780,gh_f5081f5e,github,https://github.com/Sharly-Chess/sharly-chess/issues/1995,0.0
2026-05-06T14:32:49.453082,gh_4be4ab0e,github,https://github.com/rudra496/ai-code-trust-validator/issues/6,0.0
2026-05-06T14:32:53.999566,gh_f8e2e7e2,github,https://github.com/rudra496/ai-code-trust-validator/issues/5,0.0
2026-05-06T14:34:28.359207,gh_44c4a114,github,https://github.com/avpt-testorg/repo-1st_Restore_at_2026-05-06_07-31-55_UTC/issues/1,0.0
2026-05-06T14:34:32.211759,gh_d4239b85,github,https://github.com/prowler-cloud/prowler/issues/11050,0.0
2026-05-06T14:34:36.168684,gh_c39696bc,github,https://github.com/NexGenStudioDev/CommDesk/issues/41,0.0
2026-05-06T14:36:05.509093,gh_4f06718d,github,https://github.com/lingdojo/kana-dojo/issues/15868,0.0
2026-05-06T14:36:06.559679,gh_027c0192,github,https://github.com/avpt-testorg/repo-1st_Restore_at_2026-05-06_07-31-55_UTC/issues/13,0.0
2026-05-06T14:36:09.393803,gh_23fce70e,github,https://github.com/avpt-testorg/repo-1st_Restore_at_2026-05-06_07-31-55_UTC/issues/6,0.0
2026-05-06T14:36:10.736229,gh_42f4d1e9,github,https://github.com/avpt-testorg/repo-1st_Restore_at_2026-05-06_07-31-55_UTC/issues/9,0.0
2026-05-06T14:36:13.302119,gh_053df407,github,https://github.com/osusec/beavercds-backend/issues/88,0.0
2026-05-06T14:36:14.779447,gh_053df407,github,https://github.com/osusec/beavercds-backend/issues/88,0.0
2026-05-06T14:37:42.323213,gh_9dfc1ffa,github,https://github.com/avpt-testorg/repo-1st_Restore_at_2026-05-06_07-31-55_UTC/issues/21,0.0
2026-05-06T14:37:46.166053,gh_1941b429,github,https://github.com/NexGenStudioDev/CommDesk/issues/42,0.0
2026-05-06T14:37:50.053755,gh_1bb1f139,github,https://github.com/avpt-testorg/repo-1st_Restore_at_2026-05-06_07-31-55_UTC/issues/17,0.0
2026-05-06T14:39:47.626875,gh_ea2cc348,github,https://github.com/rudra496/ai-code-trust-validator/issues/12,0.0
2026-05-06T14:40:36.725819,gh_29e1b727,github,https://github.com/tangivis/twitter-mcp/issues/52,0.0
2026-05-06T14:42:03.117403,gh_565d155c,github,https://github.com/prowler-cloud/prowler/issues/11051,0.0
2026-05-06T14:47:03.736242,gh_00f0df11,github,https://github.com/AntonioBerna/vga-pattern-generator/issues/2,0.0
2026-05-06T14:47:07.578849,gh_1c02bafa,github,https://github.com/prowler-cloud/prowler/issues/11052,0.0
2026-05-06T14:47:11.424252,gh_d88ca185,github,https://github.com/entrenadormanuel68-png/Entrenamiento-local/issues/5,0.0
2026-05-06T14:48:32.024583,gh_31528e81,github,https://github.com/prowler-cloud/prowler/issues/11053,0.0
2026-05-06T14:53:43.206242,gh_5c4343e9,github,https://github.com/spring-petclinic/spring-petclinic-flutter/issues/10,0.0
2026-05-06T14:53:47.206203,gh_67214007,github,https://github.com/NexGenStudioDev/CommDesk/issues/43,0.0
2026-05-06T14:53:51.045590,gh_b5c3ca7c,github,https://github.com/Auri-OS/AuriOS/issues/59,0.0
2026-05-06T14:53:55.442639,gh_1ae7c24d,github,https://github.com/lingdojo/kana-dojo/issues/15870,0.0
2026-05-06T14:54:00.029100,gh_2c7fb356,github,https://github.com/hunter-new-org/test-repo_Restore_at_2026-05-06_03-42-41_UTC_Restore_at_2026-05-06_07-50-23_UTC/issues/1,0.0
2026-05-06T14:55:27.319798,gh_68e57409,github,https://github.com/yairchu/moops/issues/8,0.0
2026-05-06T14:58:19.860791,gh_d8010fdb,github,https://github.com/avpt-testorg/repo-1st_Restore_at_2026-05-06_07-55-11_UTC/issues/1,0.0
2026-05-06T14:58:24.201494,gh_3a7f41d3,github,https://github.com/Auri-OS/AuriOS/issues/60,0.0
2026-05-06T14:59:51.720302,gh_6374a9fd,github,https://github.com/avpt-testorg/repo-1st_Restore_at_2026-05-06_07-55-11_UTC/issues/9,0.0
2026-05-06T14:59:56.575557,gh_fa149ec8,github,https://github.com/avpt-testorg/repo-1st_Restore_at_2026-05-06_07-55-11_UTC/issues/6,0.0
2026-05-06T15:02:48.349208,gh_71ea180a,github,https://github.com/Wynntils/Wynntils/issues/4041,0.0
2026-05-06T15:02:52.392116,gh_7a93dff1,github,https://github.com/stratum-mining/sv2-ui/issues/142,0.0
2026-05-06T15:02:56.568217,gh_2c50066f,github,https://github.com/lingdojo/kana-dojo/issues/15871,0.0
2026-05-06T15:04:14.133203,gh_bbde554f,github,https://github.com/hunter-new-org/test-repo_Restore_at_2026-05-06_03-42-41_UTC_Restore_at_2026-05-06_08-02-31_UTC/issues/1,0.0
2026-05-06T15:04:18.010325,gh_0dcb70b0,github,https://github.com/avpt-testorg/repo-1st_Restore_at_2026-05-06_08-01-27_UTC/issues/1,0.0
2026-05-06T15:06:48.778893,gh_081543d9,github,https://github.com/avpt-testorg/repo-1st_Restore_at_2026-05-06_08-01-27_UTC/issues/21,0.0
2026-05-06T15:06:52.932861,gh_eb34a631,github,https://github.com/avpt-testorg/repo-1st_Restore_at_2026-05-06_08-01-27_UTC/issues/17,0.0
2026-05-06T15:06:57.120421,gh_e14f427b,github,https://github.com/avpt-testorg/repo-1st_Restore_at_2026-05-06_08-01-27_UTC/issues/13,0.0
2026-05-06T15:07:01.419292,gh_1d6ea933,github,https://github.com/avpt-testorg/repo-1st_Restore_at_2026-05-06_08-01-27_UTC/issues/9,0.0
2026-05-06T15:07:05.306551,gh_b9834259,github,https://github.com/avpt-testorg/repo-1st_Restore_at_2026-05-06_08-01-27_UTC/issues/6,0.0
2026-05-06T15:09:28.265106,gh_dcf4e14d,github,https://github.com/git-testing-byte/Project-X/issues/1,0.0
2026-05-06T15:10:43.012480,gh_679511c1,github,https://github.com/avpt-testorg/repo-1st_Restore_at_2026-05-06_08-08-14_UTC/issues/1,0.0
2026-05-06T15:12:21.857829,gh_3f698a0e,github,https://github.com/avpt-testorg/repo-1st_Restore_at_2026-05-06_08-08-14_UTC/issues/13,0.0
2026-05-06T15:12:26.017955,gh_c985f387,github,https://github.com/avpt-testorg/repo-1st_Restore_at_2026-05-06_08-08-14_UTC/issues/9,0.0
2026-05-06T15:12:30.608058,gh_ffa35142,github,https://github.com/avpt-testorg/repo-1st_Restore_at_2026-05-06_08-08-14_UTC/issues/6,0.0
2026-05-06T15:16:31.016526,gh_5f7213d9,github,https://github.com/avpt-testorg/repo-1st_Restore_at_2026-05-06_08-08-14_UTC/issues/17,0.0
2026-05-06T15:16:31.578723,gh_fc98451a,github,https://github.com/avpt-testorg/repo-1st_Restore_at_2026-05-06_08-08-14_UTC/issues/21,0.0
2026-05-06T15:16:35.010470,gh_51ea227a,github,https://github.com/protect-earth/website/issues/55,0.0
2026-05-06T15:16:35.751306,gh_51ea227a,github,https://github.com/protect-earth/website/issues/55,0.0
2026-05-06T15:16:38.972216,gh_34c8e9f5,github,https://github.com/quarkiverse/quarkus-roq/issues/895,0.0
2026-05-06T15:16:39.801251,gh_34c8e9f5,github,https://github.com/quarkiverse/quarkus-roq/issues/895,0.0
2026-05-06T15:17:56.618559,gh_88590798,github,https://github.com/lingdojo/kana-dojo/issues/15872,0.0
2026-05-06T15:18:02.331694,gh_ca7193f5,github,https://github.com/DimitriFrischmann/Apolune/issues/53,0.0
2026-05-06T15:18:04.447494,gh_ca7193f5,github,https://github.com/DimitriFrischmann/Apolune/issues/53,0.0
2026-05-06T15:18:06.302455,gh_a8b79255,github,https://github.com/avpt-testorg/repo-1st_Restore_at_2026-05-06_08-14-04_UTC/issues/6,0.0
2026-05-06T15:18:08.245549,gh_a8b79255,github,https://github.com/avpt-testorg/repo-1st_Restore_at_2026-05-06_08-14-04_UTC/issues/6,0.0
2026-05-06T15:18:10.238154,gh_f2f062c0,github,https://github.com/avpt-testorg/repo-1st_Restore_at_2026-05-06_08-14-04_UTC/issues/1,0.0
2026-05-06T15:18:12.021786,gh_f2f062c0,github,https://github.com/avpt-testorg/repo-1st_Restore_at_2026-05-06_08-14-04_UTC/issues/1,0.0
2026-05-06T15:19:41.867164,gh_1cf0913e,github,https://github.com/avpt-testorg/repo-1st_Restore_at_2026-05-06_08-14-04_UTC/issues/17,0.0
2026-05-06T15:19:45.766124,gh_376d8ef6,github,https://github.com/avpt-testorg/repo-1st_Restore_at_2026-05-06_08-14-04_UTC/issues/13,0.0
2026-05-06T15:19:49.711844,gh_fd87a089,github,https://github.com/avpt-testorg/repo-1st_Restore_at_2026-05-06_08-14-04_UTC/issues/9,0.0
2026-05-06T15:20:40.589716,gh_18da223f,github,https://github.com/NexGenStudioDev/CommDesk/issues/44,0.0
2026-05-06T15:20:44.487730,gh_4e916ad7,github,https://github.com/avpt-testorg/repo-1st_Restore_at_2026-05-06_08-14-04_UTC/issues/21,0.0
2026-05-06T15:25:06.262029,gh_18fe94cd,github,https://github.com/simonballerina/foglang/issues/131,0.0
2026-05-06T15:29:57.544874,gh_a10d010d,github,https://github.com/adsalmohandis-blip/kabeeri.vdf/issues/18,0.0
2026-05-06T15:33:04.961564,gh_d2f4bc6a,github,https://github.com/layer5io/sistent/issues/1487,0.0
2026-05-06T15:35:50.623079,gh_8af62e4b,github,https://github.com/avpt-testorg/repo-1st_Restore_at_2026-05-06_08-33-54_UTC/issues/1,0.0
2026-05-06T15:35:54.894071,gh_02a52c59,github,https://github.com/layer5io/sistent/issues/1488,0.0
2026-05-06T15:35:58.850397,gh_349abbcf,github,https://github.com/lingdojo/kana-dojo/issues/15873,0.0
2026-05-06T15:37:30.429266,gh_f3cb93d9,github,https://github.com/tetra-plg/boiling-brain/issues/16,0.0
2026-05-06T15:37:34.283094,gh_0f6f6a4e,github,https://github.com/sambhavmahajan/CrowPing/issues/1,0.0
2026-05-06T15:37:38.169288,gh_c0916b4a,github,https://github.com/avpt-testorg/repo-1st_Restore_at_2026-05-06_08-33-54_UTC/issues/9,0.0
2026-05-06T15:37:42.145494,gh_7e0e44e5,github,https://github.com/tetra-plg/boiling-brain/issues/15,0.0
2026-05-06T15:37:45.943870,gh_4c983437,github,https://github.com/tangivis/twitter-mcp/issues/58,0.0
2026-05-06T15:39:12.958119,gh_4d9c3f48,github,https://github.com/avpt-testorg/repo-1st_Restore_at_2026-05-06_08-33-54_UTC/issues/21,0.0
2026-05-06T15:39:16.754246,gh_c9ea8d2a,github,https://github.com/avpt-testorg/repo-1st_Restore_at_2026-05-06_08-33-54_UTC/issues/17,0.0
2026-05-06T15:39:20.514428,gh_ef1660e9,github,https://github.com/avpt-testorg/repo-1st_Restore_at_2026-05-06_08-33-54_UTC/issues/13,0.0
2026-05-06T15:40:46.600905,gh_14789f7f,github,https://github.com/layer5io/sistent/issues/1490,0.0
2026-05-06T15:41:39.755565,gh_5915bdf1,github,https://github.com/layer5io/sistent/issues/1491,0.0
2026-05-06T15:45:09.658753,gh_63f1f0bc,github,https://github.com/drt-hub/drt/issues/459,0.0
2026-05-06T15:46:12.559067,gh_9a04face,github,https://github.com/avpt-testorg/repo-1st_Restore_at_2026-05-06_08-43-53_UTC/issues/1,0.0
2026-05-06T15:50:01.981160,gh_5eb290e9,github,https://github.com/avpt-testorg/repo-1st_Restore_at_2026-05-06_08-46-34_UTC/issues/9,0.0
2026-05-06T15:50:05.838745,gh_d6edc1c8,github,https://github.com/avpt-testorg/repo-1st_Restore_at_2026-05-06_08-46-34_UTC/issues/6,0.0
2026-05-06T15:50:08.471090,gh_d6edc1c8,github,https://github.com/avpt-testorg/repo-1st_Restore_at_2026-05-06_08-46-34_UTC/issues/6,0.0
2026-05-06T15:50:09.845407,gh_da03d770,github,https://github.com/avpt-testorg/repo-1st_Restore_at_2026-05-06_08-46-34_UTC/issues/1,0.0
2026-05-06T15:50:12.231372,gh_da03d770,github,https://github.com/avpt-testorg/repo-1st_Restore_at_2026-05-06_08-46-34_UTC/issues/1,0.0
2026-05-06T15:51:29.410619,gh_585a1709,github,https://github.com/avpt-testorg/repo-1st_Restore_at_2026-05-06_08-46-34_UTC/issues/17,0.0
2026-05-06T15:51:33.661286,gh_fcf56b9a,github,https://github.com/avpt-testorg/repo-1st_Restore_at_2026-05-06_08-46-34_UTC/issues/13,0.0
2026-05-06T15:51:39.300292,gh_d6d1cc55,github,https://github.com/avpt-testorg/repo-1st_Restore_at_2026-05-06_08-46-34_UTC/issues/21,0.0
2026-05-06T15:52:52.471509,gh_e712b3b0,github,https://github.com/lingdojo/kana-dojo/issues/15874,0.0
2026-05-06T15:56:57.502440,gh_43744663,github,https://github.com/avpt-testorg/repo-1st_Restore_at_2026-05-06_08-55-02_UTC/issues/1,0.0
2026-05-06T15:58:57.073889,gh_fb379da8,github,https://github.com/avpt-testorg/repo-1st_Restore_at_2026-05-06_08-55-02_UTC/issues/13,0.0
2026-05-06T15:59:01.505553,gh_52130d6e,github,https://github.com/avpt-testorg/repo-1st_Restore_at_2026-05-06_08-55-02_UTC/issues/9,0.0
2026-05-06T15:59:05.413401,gh_096cbf85,github,https://github.com/avpt-testorg/repo-1st_Restore_at_2026-05-06_08-55-02_UTC/issues/6,0.0
2026-05-06T16:00:33.243290,gh_6a8fc1a2,github,https://github.com/avpt-testorg/repo-1st_Restore_at_2026-05-06_08-55-02_UTC/issues/21,0.0
2026-05-06T16:00:37.037983,gh_c042bee5,github,https://github.com/avpt-testorg/repo-1st_Restore_at_2026-05-06_08-55-02_UTC/issues/17,0.0
2026-05-06T16:01:51.423029,gh_9d798b1b,github,https://github.com/lingdojo/kana-dojo/issues/15875,0.0
2026-05-06T16:01:56.339958,gh_6882a1da,github,https://github.com/Luke-Dawes/RV32I-V/issues/1,0.0
2026-05-06T16:03:13.802108,gh_8e5edce3,github,https://github.com/PickNikRobotics/RSL/issues/168,0.0
2026-05-06T16:04:35.006992,gh_4b23eb3d,github,https://github.com/the-momentum/open-wearables/issues/1008,0.0
2026-05-06T16:04:47.966383,gh_67f09dae,github,https://github.com/avpt-testorg/repo-1st_Restore_at_2026-05-06_09-02-52_UTC/issues/1,0.0
2026-05-06T16:05:57.600588,gh_8272664d,github,https://github.com/avpt-testorg/repo-1st_Restore_at_2026-05-06_09-02-52_UTC/issues/6,0.0
2026-05-06T16:07:11.919489,gh_55ead577,github,https://github.com/avpt-testorg/repo-1st_Restore_at_2026-05-06_09-02-52_UTC/issues/17,0.0
2026-05-06T16:07:15.961025,gh_8f304e60,github,https://github.com/avpt-testorg/repo-1st_Restore_at_2026-05-06_09-02-52_UTC/issues/13,0.0
2026-05-06T16:07:19.981052,gh_02cc0d20,github,https://github.com/avpt-testorg/repo-1st_Restore_at_2026-05-06_09-02-52_UTC/issues/9,0.0
2026-05-06T16:08:43.871556,gh_885eb9e2,github,https://github.com/avpt-testorg/repo-1st_Restore_at_2026-05-06_09-02-52_UTC/issues/21,0.0
2026-05-06T16:08:47.754031,gh_6b17d0d5,github,https://github.com/DalgoT4D/webapp_v2/issues/292,0.0
2026-05-06T16:10:39.498166,gh_20987679,github,https://github.com/tangivis/twitter-mcp/issues/61,0.0
2026-05-06T16:12:11.977845,gh_85933b7d,github,https://github.com/oii-nasif/Parquet/issues/1,0.0
2026-05-06T16:13:39.500342,gh_d79491b4,github,https://github.com/avpt-testorg/repo-1st_Restore_at_2026-05-06_09-11-55_UTC/issues/1,0.0
2026-05-06T16:13:43.687609,gh_04203213,github,https://github.com/mahdi858/Mobile-test/issues/1,0.0
2026-05-06T16:14:59.311490,gh_5ac0945f,github,https://github.com/avpt-testorg/repo-1st_Restore_at_2026-05-06_09-11-55_UTC/issues/9,0.0
2026-05-06T16:15:05.468977,gh_06a198c3,github,https://github.com/avpt-testorg/repo-1st_Restore_at_2026-05-06_09-11-55_UTC/issues/6,0.0
2026-05-06T16:15:09.653275,gh_ce8cbd87,github,https://github.com/alexdremov/notate/issues/33,0.0
2026-05-06T16:16:39.153857,gh_1c585ccd,github,https://github.com/avpt-testorg/repo-1st_Restore_at_2026-05-06_09-11-55_UTC/issues/17,0.0
2026-05-06T16:16:44.103739,gh_f42c5519,github,https://github.com/avpt-testorg/repo-1st_Restore_at_2026-05-06_09-11-55_UTC/issues/13,0.0
2026-05-06T16:16:48.648612,gh_6a1b00d6,github,https://github.com/pharmaverse/admiral/issues/3101,0.0
2026-05-06T16:18:07.429963,gh_94a811ba,github,https://github.com/lingdojo/kana-dojo/issues/15876,0.0
2026-05-06T16:18:11.592738,gh_a51baf7d,github,https://github.com/avpt-testorg/repo-1st_Restore_at_2026-05-06_09-11-55_UTC/issues/21,0.0
2026-05-06T16:20:49.435911,gh_89bda331,github,https://github.com/alexdremov/notate/issues/34,0.0
2026-05-06T16:29:24.657416,gh_9732d7b1,github,https://github.com/avpt-testorg/repo-1st_Restore_at_2026-05-06_09-27-04_UTC/issues/1,0.0
2026-05-06T16:30:50.284197,gh_d4c6726a,github,https://github.com/avpt-testorg/repo-1st_Restore_at_2026-05-06_09-27-04_UTC/issues/13,0.0
2026-05-06T16:30:51.564122,gh_d4c6726a,github,https://github.com/avpt-testorg/repo-1st_Restore_at_2026-05-06_09-27-04_UTC/issues/13,0.0
2026-05-06T16:30:54.325619,gh_f2024a3b,github,https://github.com/avpt-testorg/repo-1st_Restore_at_2026-05-06_09-27-04_UTC/issues/9,0.0
2026-05-06T16:30:57.310067,gh_f2024a3b,github,https://github.com/avpt-testorg/repo-1st_Restore_at_2026-05-06_09-27-04_UTC/issues/9,0.0
2026-05-06T16:30:59.037181,gh_60599484,github,https://github.com/avpt-testorg/repo-1st_Restore_at_2026-05-06_09-27-04_UTC/issues/6,0.0
2026-05-06T16:31:01.806215,gh_60599484,github,https://github.com/avpt-testorg/repo-1st_Restore_at_2026-05-06_09-27-04_UTC/issues/6,0.0
2026-05-06T16:32:26.301482,gh_6f180b0e,github,https://github.com/avpt-testorg/repo-1st_Restore_at_2026-05-06_09-27-04_UTC/issues/21,0.0
2026-05-06T16:32:30.361710,gh_19c56dd0,github,https://github.com/avpt-testorg/repo-1st_Restore_at_2026-05-06_09-27-04_UTC/issues/17,0.0
2026-05-06T16:35:23.796792,gh_a88e2683,github,https://github.com/lingdojo/kana-dojo/issues/15878,0.0
2026-05-06T16:37:03.714672,gh_d7e93a9f,github,https://github.com/eclipse-qrisp/Qrisp/issues/557,0.0
2026-05-06T16:37:07.761393,gh_e0be21f2,github,https://github.com/ionutbirlad/project-ktc-v2/issues/3,0.0
2026-05-06T16:42:36.983035,gh_aada9f86,github,https://github.com/nexu-io/open-design/issues/654,0.0
2026-05-06T16:42:57.023780,gh_785f4b7e,github,https://github.com/avpt-testorg/repo-1st_Restore_at_2026-05-06_09-41-07_UTC/issues/1,0.0
2026-05-06T16:43:58.644304,gh_e7c0f2be,github,https://github.com/avpt-testorg/repo-1st_Restore_at_2026-05-06_09-41-07_UTC/issues/6,0.0
2026-05-06T16:45:34.810348,gh_459153bb,github,https://github.com/avpt-testorg/repo-1st_Restore_at_2026-05-06_09-41-07_UTC/issues/13,0.0
2026-05-06T16:45:38.997944,gh_a5a713ee,github,https://github.com/gccci/randomCatFacts/issues/795,0.0
2026-05-06T16:45:43.002170,gh_bcfc15e2,github,https://github.com/avpt-testorg/repo-1st_Restore_at_2026-05-06_09-41-07_UTC/issues/9,0.0
2026-05-06T16:46:38.092960,gh_ae45408e,github,https://github.com/avpt-testorg/repo-1st_Restore_at_2026-05-06_09-41-07_UTC/issues/21,0.0
2026-05-06T16:46:41.975500,gh_b60d68ef,github,https://github.com/avpt-testorg/repo-1st_Restore_at_2026-05-06_09-41-07_UTC/issues/17,0.0
2026-05-06T16:48:20.078450,gh_99f52f09,github,https://github.com/rudra496/ai-code-trust-validator/issues/18,0.0
2026-05-06T16:50:04.390974,gh_ea7c10a2,github,https://github.com/Toxygem/YATL/issues/81,0.0
2026-05-06T16:51:35.258085,gh_13c44c1f,github,https://github.com/avpt-testorg/repo-1st_Restore_at_2026-05-06_09-49-12_UTC/issues/1,0.0
2026-05-06T16:51:35.705325,gh_13c44c1f,github,https://github.com/avpt-testorg/repo-1st_Restore_at_2026-05-06_09-49-12_UTC/issues/1,0.0
2026-05-06T16:51:39.418099,gh_4ba84f03,github,https://github.com/Akuli/jou/issues/1372,0.0
2026-05-06T16:51:39.828963,gh_4ba84f03,github,https://github.com/Akuli/jou/issues/1372,0.0
2026-05-06T16:53:09.934006,gh_5e768d76,github,https://github.com/avpt-testorg/repo-1st_Restore_at_2026-05-06_09-49-12_UTC/issues/13,0.0
2026-05-06T16:53:11.908609,gh_5e768d76,github,https://github.com/avpt-testorg/repo-1st_Restore_at_2026-05-06_09-49-12_UTC/issues/13,0.0
2026-05-06T16:53:14.058096,gh_93d82345,github,https://github.com/avpt-testorg/repo-1st_Restore_at_2026-05-06_09-49-12_UTC/issues/9,0.0
2026-05-06T16:53:16.115247,gh_93d82345,github,https://github.com/avpt-testorg/repo-1st_Restore_at_2026-05-06_09-49-12_UTC/issues/9,0.0
2026-05-06T16:53:18.344490,gh_143c3e2f,github,https://github.com/lingdojo/kana-dojo/issues/15879,0.0
2026-05-06T16:53:20.480090,gh_143c3e2f,github,https://github.com/lingdojo/kana-dojo/issues/15879,0.0
2026-05-06T16:53:22.756642,gh_8187dc36,github,https://github.com/avpt-testorg/repo-1st_Restore_at_2026-05-06_09-49-12_UTC/issues/6,0.0
2026-05-06T16:53:25.540701,gh_8187dc36,github,https://github.com/avpt-testorg/repo-1st_Restore_at_2026-05-06_09-49-12_UTC/issues/6,0.0
2026-05-06T16:53:32.314496,gh_538d74b9,github,https://github.com/UZDoom/UZDoom/issues/1357,0.0
2026-05-06T16:54:44.730563,gh_2da2528f,github,https://github.com/avpt-testorg/repo-1st_Restore_at_2026-05-06_09-49-12_UTC/issues/21,0.0
2026-05-06T16:54:48.923661,gh_1ee8d487,github,https://github.com/avpt-testorg/repo-1st_Restore_at_2026-05-06_09-49-12_UTC/issues/17,0.0
2026-05-06T16:57:21.285711,gh_8770bc2f,github,https://github.com/sambhavmahajan/CrowPing/issues/2,0.0
2026-05-06T16:58:31.513582,gh_676a81dc,github,https://github.com/avpt-testorg/repo-1st_Restore_at_2026-05-06_09-56-46_UTC/issues/1,0.0
2026-05-06T17:00:08.950390,gh_0e52b3cf,github,https://github.com/avpt-testorg/repo-1st_Restore_at_2026-05-06_09-56-46_UTC/issues/9,0.0
2026-05-06T17:00:10.601163,gh_0e52b3cf,github,https://github.com/avpt-testorg/repo-1st_Restore_at_2026-05-06_09-56-46_UTC/issues/9,0.0
2026-05-06T17:00:13.750009,gh_98c42bda,github,https://github.com/avpt-testorg/repo-1st_Restore_at_2026-05-06_09-56-46_UTC/issues/6,0.0
2026-05-06T17:00:14.923490,gh_98c42bda,github,https://github.com/avpt-testorg/repo-1st_Restore_at_2026-05-06_09-56-46_UTC/issues/6,0.0
2026-05-06T17:01:53.536768,gh_1223521c,github,https://github.com/avpt-testorg/repo-1st_Restore_at_2026-05-06_09-56-46_UTC/issues/21,0.0
2026-05-06T17:01:58.177878,gh_faaceb16,github,https://github.com/lingdojo/kana-dojo/issues/15880,0.0
2026-05-06T17:02:02.699499,gh_a8d4ed0e,github,https://github.com/avpt-testorg/repo-1st_Restore_at_2026-05-06_09-56-46_UTC/issues/17,0.0
2026-05-06T17:02:06.519394,gh_5a2401ec,github,https://github.com/avpt-testorg/repo-1st_Restore_at_2026-05-06_09-56-46_UTC/issues/13,0.0
2026-05-06T17:08:37.271661,gh_fe7b815d,github,https://github.com/schemalabz/opencouncil/issues/342,0.0
2026-05-06T17:10:13.987052,gh_31d5041d,github,https://github.com/lfzds4399-cpu/voice2cc/issues/1,0.0
2026-05-06T17:10:17.850452,gh_c2440400,github,https://github.com/avpt-testorg/repo-1st_Restore_at_2026-05-06_10-04-13_UTC/issues/1,0.0
2026-05-06T17:12:01.036567,gh_ee1713ac,github,https://github.com/avpt-testorg/repo-1st_Restore_at_2026-05-06_10-04-13_UTC/issues/13,0.0
2026-05-06T17:12:05.322233,gh_fc249a14,github,https://github.com/avpt-testorg/repo-1st_Restore_at_2026-05-06_10-04-13_UTC/issues/9,0.0
2026-05-06T17:12:09.301754,gh_cb8289c0,github,https://github.com/lfzds4399-cpu/voice2cc/issues/3,0.0
2026-05-06T17:12:14.180551,gh_efbd8f5d,github,https://github.com/lfzds4399-cpu/voice2cc/issues/2,0.0
2026-05-06T17:12:16.375458,gh_efbd8f5d,github,https://github.com/lfzds4399-cpu/voice2cc/issues/2,0.0
2026-05-06T17:12:18.305471,gh_fa5bbbed,github,https://github.com/avpt-testorg/repo-1st_Restore_at_2026-05-06_10-04-13_UTC/issues/6,0.0
2026-05-06T17:12:21.012593,gh_fa5bbbed,github,https://github.com/avpt-testorg/repo-1st_Restore_at_2026-05-06_10-04-13_UTC/issues/6,0.0
2026-05-06T17:13:48.882181,gh_d060b81e,github,https://github.com/avpt-testorg/repo-1st_Restore_at_2026-05-06_10-04-13_UTC/issues/21,0.0
2026-05-06T17:13:52.993624,gh_58da20b7,github,https://github.com/danielgines/brightdata-exporter/issues/9,0.0
2026-05-06T17:13:58.016217,gh_50992874,github,https://github.com/avpt-testorg/repo-1st_Restore_at_2026-05-06_10-04-13_UTC/issues/17,0.0
2026-05-06T17:14:00.916222,gh_50992874,github,https://github.com/avpt-testorg/repo-1st_Restore_at_2026-05-06_10-04-13_UTC/issues/17,0.0
2026-05-06T17:18:27.038955,gh_1e237737,github,https://github.com/lingdojo/kana-dojo/issues/15882,0.0
2026-05-06T17:18:33.121407,gh_a92b4de7,github,https://github.com/hunter-new-org/test-repo_Restore_at_2026-05-05_10-24-32_UTC/issues/17,0.0
2026-05-06T17:22:50.809939,gh_a1621304,github,https://github.com/alexcouper/nglspn/issues/59,0.0
2026-05-06T17:24:14.803599,gh_26aaf51f,github,https://github.com/DaltonVector-FOSS/pipelog/issues/2,0.0
2026-05-06T17:26:26.492215,gh_08cd8c8d,github,https://github.com/alexcouper/nglspn/issues/60,0.0
2026-05-06T17:29:28.888811,gh_5a9c9dbc,github,https://github.com/u65042380107/AddVillageUtt/issues/13,0.0
2026-05-06T17:29:33.252181,gh_5a9c9dbc,github,https://github.com/u65042380107/AddVillageUtt/issues/13,0.0
2026-05-06T17:32:00.978427,gh_1509b1fb,github,https://github.com/darial-stack/BH-test-/issues/2,0.0
2026-05-06T17:35:27.378331,gh_9a5b89cd,github,https://github.com/lingdojo/kana-dojo/issues/15883,0.0
2026-05-06T17:40:10.553450,gh_3ef11fcc,github,https://github.com/BunnyNabbit/classicborne-server-protocol/issues/61,0.0
2026-05-06T17:40:14.990468,gh_7e886a84,github,https://github.com/nexu-io/open-design/issues/663,0.0
2026-05-06T17:41:49.571110,gh_8f291f10,github,https://github.com/churik5/bulwark-mcp/issues/1,0.0
2026-05-06T17:41:54.035527,gh_2fe74b6c,github,https://github.com/nexu-io/open-design/issues/664,0.0
2026-05-06T17:42:28.816296,gh_89b66fa9,github,https://github.com/churik5/bulwark-mcp/issues/2,0.0
2026-05-06T17:43:41.145707,gh_08c7aaa8,github,https://github.com/churik5/bulwark-mcp/issues/3,0.0
2026-05-06T17:44:54.380531,gh_01c8586c,github,https://github.com/churik5/bulwark-mcp/issues/4,0.0
2026-05-06T17:46:18.394239,gh_07735d46,github,https://github.com/prateekchitte/Test/issues/2,0.0
2026-05-06T17:46:22.501727,gh_b4d42d36,github,https://github.com/churik5/bulwark-mcp/issues/5,0.0
2026-05-06T17:53:55.665721,gh_3cd6a28e,github,https://github.com/lingdojo/kana-dojo/issues/15884,0.0
2026-05-06T18:03:32.548605,gh_d4dc2dbf,github,https://github.com/lingdojo/kana-dojo/issues/15885,0.0
2026-05-06T18:10:48.243715,gh_9ea1ec7b,github,https://github.com/kanimaru/twitcher/issues/121,0.0
2026-05-06T18:12:13.510688,gh_024eb5d1,github,https://github.com/LarryZZ0722/cits5505-group-project/issues/13,0.0
2026-05-06T18:12:17.504549,gh_cc5a18ba,github,https://github.com/LarryZZ0722/cits5505-group-project/issues/12,0.0
2026-05-06T18:14:41.633049,gh_557b6662,github,https://github.com/MichalDakowicz/edziennik-frontend/issues/114,0.0
2026-05-06T18:18:33.241901,gh_fb497a28,github,https://github.com/lingdojo/kana-dojo/issues/15888,0.0
2026-05-06T18:24:58.520074,gh_4ab05e57,github,https://github.com/eclipse-qrisp/Qrisp/issues/558,0.0
2026-05-06T18:26:55.371159,gh_f5f41ebd,github,https://github.com/trixi-framework/Trixi.jl/issues/2998,0.0
2026-05-06T18:32:52.978881,gh_43f61af5,github,https://github.com/bpftrace/bpftrace/issues/5149,0.0
2026-05-06T18:35:14.207027,gh_d6eb192d,github,https://github.com/lingdojo/kana-dojo/issues/15890,0.0
2026-05-06T18:40:48.417481,gh_a033b199,github,https://github.com/hypernetwork-research-group/hyperbench/issues/190,0.0
2026-05-06T18:41:31.952914,gh_080f96a7,github,https://github.com/isabelcoutinhoo1898/Resume-Project-by-Isabel-Coutinho/issues/1,0.0
2026-05-06T18:42:50.720415,gh_76ad429e,github,https://github.com/everr-labs/guided-review-app/issues/2,0.0
2026-05-06T18:46:41.211110,gh_3c088119,github,https://github.com/SunYanbox/ManualAid/issues/150,0.0
2026-05-06T18:53:30.107884,gh_8df3e4c7,github,https://github.com/lingdojo/kana-dojo/issues/15892,0.0
2026-05-06T18:57:16.423052,gh_06d4edb6,github,https://github.com/pharmaverse/aNCA/issues/1298,0.0
2026-05-06T18:57:59.882174,gh_7d6c907f,github,https://github.com/haveagoodday1205-png/agent-bus/issues/6,0.0
2026-05-06T18:58:04.691441,gh_c8b920f5,github,https://github.com/haveagoodday1205-png/agent-bus/issues/4,0.0
2026-05-06T18:58:09.296400,gh_758b5450,github,https://github.com/haveagoodday1205-png/agent-bus/issues/3,0.0
2026-05-06T18:58:13.552524,gh_cfbfd646,github,https://github.com/pharmaverse/aNCA/issues/1299,0.0
2026-05-06T18:58:18.011393,gh_d9894f82,github,https://github.com/haveagoodday1205-png/agent-bus/issues/2,0.0
2026-05-06T19:01:15.832895,gh_ba4bca65,github,https://github.com/zxyasfas/paper_format_agent/issues/5,0.0
2026-05-06T19:01:20.796211,gh_cc7b63af,github,https://github.com/zxyasfas/paper_format_agent/issues/6,0.0
2026-05-06T19:01:26.305067,gh_26b39945,github,https://github.com/zxyasfas/paper_format_agent/issues/4,0.0
2026-05-06T19:01:33.062122,gh_fb66dd8b,github,https://github.com/zxyasfas/paper_format_agent/issues/3,0.0
2026-05-06T19:01:33.395481,gh_fb66dd8b,github,https://github.com/zxyasfas/paper_format_agent/issues/3,0.0
2026-05-06T19:01:40.559560,gh_bf192ef7,github,https://github.com/zxyasfas/paper_format_agent/issues/2,0.0
2026-05-06T19:01:40.574335,gh_bf192ef7,github,https://github.com/zxyasfas/paper_format_agent/issues/2,0.0
2026-05-06T19:01:45.026321,gh_7fd1d843,github,https://github.com/lingdojo/kana-dojo/issues/15893,0.0
2026-05-06T19:08:42.974076,gh_30249e99,github,https://github.com/SimpleZion/opsproof-local-ap-scanner/issues/1,0.0
2026-05-06T19:13:49.834749,gh_a5add974,github,https://github.com/openshield-org/openshield/issues/23,0.0
2026-05-06T19:15:41.341905,gh_d800ea77,github,https://github.com/openshield-org/openshield/issues/26,0.0
2026-05-06T19:15:45.451363,gh_fc84a072,github,https://github.com/openshield-org/openshield/issues/25,0.0
2026-05-06T19:15:50.052893,gh_636da316,github,https://github.com/openshield-org/openshield/issues/24,0.0
2026-05-06T19:17:17.442230,gh_a9ff1dac,github,https://github.com/openshield-org/openshield/issues/28,0.0
2026-05-06T19:17:23.810855,gh_c313e00f,github,https://github.com/openshield-org/openshield/issues/27,0.0
2026-05-06T19:17:27.892030,gh_c313e00f,github,https://github.com/openshield-org/openshield/issues/27,0.0
2026-05-06T19:18:57.610449,gh_f814129c,github,https://github.com/lingdojo/kana-dojo/issues/15894,0.0
2026-05-06T19:19:05.983540,gh_d973ff46,github,https://github.com/openshield-org/openshield/issues/31,0.0
2026-05-06T19:28:17.043934,gh_734bba4a,github,https://github.com/zixuanjiang332/releaseguard-ai/issues/14,0.0
2026-05-06T19:28:22.607325,gh_544ed3a4,github,https://github.com/zixuanjiang332/releaseguard-ai/issues/12,0.0
2026-05-06T19:28:26.283780,gh_544ed3a4,github,https://github.com/zixuanjiang332/releaseguard-ai/issues/12,0.0
2026-05-06T19:35:11.935511,gh_3c3e1a02,github,https://github.com/lingdojo/kana-dojo/issues/15895,0.0
2026-05-06T19:36:01.262357,gh_db9db428,github,https://github.com/durck/proxykit/issues/4,0.0
2026-05-06T19:38:33.159494,gh_a728a436,github,https://github.com/rxpelle/kdp-scout/issues/2,0.0
2026-05-06T19:38:37.855857,gh_e81b3923,github,https://github.com/jaxoj/dp2ptcs/issues/35,0.0
2026-05-06T19:39:58.601012,gh_aea211c1,github,https://github.com/rxpelle/kdp-scout/issues/4,0.0
2026-05-06T19:40:04.998021,gh_ea93ada6,github,https://github.com/rxpelle/kdp-scout/issues/3,0.0
2026-05-06T19:45:11.854252,gh_bd5a1d4c,github,https://github.com/Vigil-SOC/vigil/issues/204,0.0
2026-05-06T19:46:35.454536,gh_1b285b97,github,https://github.com/Saffentrange/IML/issues/1,0.0
2026-05-06T19:50:34.439343,gh_087be836,github,https://github.com/prowler-cloud/prowler/issues/11060,0.0
2026-05-06T19:50:38.870803,gh_2d8f580e,github,https://github.com/Cimos/kibot-config/issues/17,0.0
2026-05-06T19:52:11.769384,gh_d5e9e983,github,https://github.com/lingdojo/kana-dojo/issues/15896,0.0
2026-05-06T19:52:15.660675,gh_cdd7a3ac,github,https://github.com/IamCharli01/Azure-SLO-Guardian/issues/1,0.0
2026-05-06T19:56:13.130983,gh_ea6e4b8a,github,https://github.com/jonathanhfmills/bicameral-mind-agents/issues/1,0.0
2026-05-06T19:57:44.622321,gh_14d3db43,github,https://github.com/KerroKapple/InkFrame/issues/69,0.0
2026-05-06T19:59:06.234474,gh_a0a9ba1a,github,https://github.com/KerroKapple/InkFrame/issues/73,0.0
2026-05-06T19:59:10.965022,gh_78feff73,github,https://github.com/KerroKapple/InkFrame/issues/72,0.0
2026-05-06T19:59:15.052228,gh_078bd3b2,github,https://github.com/KerroKapple/InkFrame/issues/71,0.0
2026-05-06T19:59:19.039488,gh_a8df5d56,github,https://github.com/KerroKapple/InkFrame/issues/70,0.0
2026-05-06T20:02:53.928854,gh_91107343,github,https://github.com/lingdojo/kana-dojo/issues/15897,0.0
2026-05-06T20:04:11.953246,gh_d685f4eb,github,https://github.com/cliffamadeus/it35-midterm/issues/1,0.0
2026-05-06T20:08:14.262792,gh_2545ec62,github,https://github.com/prowler-cloud/prowler/issues/11062,0.0
2026-05-06T20:09:05.560299,gh_3de56e5c,github,https://github.com/ggml-org/llama.cpp/issues/22759,0.0
2026-05-06T20:12:09.220968,gh_8ba68a83,github,https://github.com/uchar-org/cross/issues/101,0.0
2026-05-06T20:17:17.059245,gh_46c2a850,github,https://github.com/churik5/bulwark-mcp/issues/6,0.0
2026-05-06T20:18:45.341960,gh_6a5f42ba,github,https://github.com/lingdojo/kana-dojo/issues/15899,0.0
2026-05-06T20:20:23.829224,gh_6ca6e201,github,https://github.com/brainglobe/brainglobe-data-api-connectivity/issues/6,0.0
2026-05-06T20:20:27.894109,gh_a3c1fd50,github,https://github.com/prowler-cloud/prowler/issues/11063,0.0
2026-05-06T20:24:26.698564,gh_b0061f62,github,https://github.com/es-ude/elastic-ai.creator/issues/960,0.0
2026-05-06T20:24:31.016760,gh_01359a3b,github,https://github.com/WayfireWM/wf-shell/issues/426,0.0
2026-05-06T20:28:53.382221,gh_b3417f92,github,https://github.com/Pololego29/Alternax/issues/7,0.0
2026-05-06T20:34:15.902647,gh_fe53e807,github,https://github.com/brainglobe/brainglobe-data-api-connectivity/issues/7,0.0
2026-05-06T20:35:36.580663,gh_9629a5c4,github,https://github.com/lingdojo/kana-dojo/issues/15901,0.0
2026-05-06T20:36:52.464344,gh_3240732c,github,https://github.com/Cimos/kibot-config/issues/26,0.0
2026-05-06T20:39:27.279822,gh_89582c76,github,https://github.com/kenmulford/PracticingPrayer/issues/13,0.0
2026-05-06T20:39:31.678477,gh_c30ee5be,github,https://github.com/kenmulford/PracticingPrayer/issues/12,0.0
2026-05-06T20:39:35.753005,gh_5b8c4be4,github,https://github.com/kenmulford/PracticingPrayer/issues/11,0.0
2026-05-06T20:39:39.962368,gh_00d78cbf,github,https://github.com/kenmulford/PracticingPrayer/issues/8,0.0
2026-05-06T20:43:37.123303,gh_4fa7087b,github,https://github.com/prowler-cloud/prowler/issues/11064,0.0
2026-05-06T20:45:30.921428,gh_52373be8,github,https://github.com/safal207/pythiaLabs/issues/98,0.0
2026-05-06T20:45:35.344649,gh_db430335,github,https://github.com/safal207/pythiaLabs/issues/97,0.0
2026-05-06T20:45:39.810159,gh_740efc80,github,https://github.com/PipedreamHQ/pipedream/issues/20799,0.0
2026-05-06T20:46:50.187175,gh_e05175ff,github,https://github.com/prowler-cloud/prowler/issues/11065,0.0
2026-05-06T20:46:54.701818,gh_6d343037,github,https://github.com/safal207/pythiaLabs/issues/99,0.0
2026-05-06T20:48:21.482382,gh_16720000,github,https://github.com/owasp-noir/noir/issues/1341,0.0
2026-05-06T20:48:25.452177,gh_348712b5,github,https://github.com/owasp-noir/noir/issues/1340,0.0
2026-05-06T20:49:51.443207,gh_20b08338,github,https://github.com/mohitkumhar/450-dsa/issues/37,0.0
2026-05-06T20:49:55.450673,gh_b4128b05,github,https://github.com/mohitkumhar/450-dsa/issues/34,0.0
2026-05-06T20:49:59.884692,gh_c72bd429,github,https://github.com/CallMeMosaic/BS-Thing/issues/6,0.0
2026-05-06T20:50:04.772069,gh_efbd5d5c,github,https://github.com/mohitkumhar/450-dsa/issues/32,0.0
2026-05-06T20:50:09.217402,gh_58bc3911,github,https://github.com/mohitkumhar/450-dsa/issues/29,0.0
2026-05-06T20:51:27.747183,gh_de4684c0,github,https://github.com/suyash-rgb/JS-Mentor/issues/10,0.0
2026-05-06T20:53:00.497861,gh_d76ceb21,github,https://github.com/llvm/llvm-project/issues/196078,0.0
2026-05-06T20:53:04.969589,gh_16aaeb52,github,https://github.com/lingdojo/kana-dojo/issues/15902,0.0
2026-05-06T20:55:34.896890,gh_ee0e9e22,github,https://github.com/NeosiaNexus/SitePing/issues/52,0.0
2026-05-06T20:55:39.445218,gh_680d7e28,github,https://github.com/NeosiaNexus/SitePing/issues/51,0.0
2026-05-06T20:55:43.412508,gh_24a9283f,github,https://github.com/NeosiaNexus/SitePing/issues/50,0.0
2026-05-06T20:55:47.353266,gh_e89596df,github,https://github.com/NeosiaNexus/SitePing/issues/49,0.0
2026-05-06T20:55:51.322286,gh_54657b8b,github,https://github.com/NeosiaNexus/SitePing/issues/48,0.0
2026-05-06T21:01:26.970415,gh_116487f0,github,https://github.com/lingdojo/kana-dojo/issues/15903,0.0
2026-05-06T21:01:31.280679,gh_a9f6eba1,github,https://github.com/digitalfabrik/integreat-cms/issues/4275,0.0
2026-05-06T21:02:25.856933,gh_6111d254,github,https://github.com/eclipse-qrisp/Qrisp/issues/560,0.0
2026-05-06T21:02:30.209624,gh_c8e4c532,github,https://github.com/Altinn/altinn-notifications/issues/1563,0.0
2026-05-06T21:02:34.732543,gh_4f254975,github,https://github.com/Altinn/altinn-notifications/issues/1562,0.0
2026-05-06T21:04:00.378485,gh_06faec73,github,https://github.com/port-suite/rustport/issues/15,0.0
2026-05-06T21:05:30.640970,gh_4e914d90,github,https://github.com/mohitkumhar/450-dsa/issues/45,0.0
2026-05-06T21:05:37.448906,gh_2f01a4c3,github,https://github.com/prowler-cloud/prowler/issues/11066,0.0
2026-05-06T21:09:19.437692,gh_4cac54e8,github,https://github.com/prowler-cloud/prowler/issues/11067,0.0
2026-05-06T21:13:18.977544,gh_8c38b1b2,github,https://github.com/e7457166-a11y/https-github.com-e7457166-a11y/issues/16,0.0
2026-05-06T21:13:18.977544,gh_8c38b1b2,github,https://github.com/e7457166-a11y/https-github.com-e7457166-a11y/issues/16,0.0
2026-05-06T21:14:46.914353,gh_ce40d5cc,github,https://github.com/prowler-cloud/prowler/issues/11068,0.0
2026-05-06T21:16:10.292985,gh_53c7bfcd,github,https://github.com/pensarai/apex/issues/717,0.0
2026-05-06T21:18:21.684576,gh_146450c5,github,https://github.com/lingdojo/kana-dojo/issues/15904,0.0
2026-05-06T21:25:59.540819,gh_053026bd,github,https://github.com/P-r-e-m-i-u-m/engineering-proof-of-work/issues/1,0.0
2026-05-06T21:27:14.618590,gh_089a6988,github,https://github.com/ull0sm/FitTrack/issues/6,0.0
2026-05-06T21:30:01.045388,gh_30d90da8,github,https://github.com/prowler-cloud/prowler/issues/11069,0.0
2026-05-06T21:32:29.139894,gh_130c8bcb,github,https://github.com/KSG-Technology-Consulting/Gmail-MCP/issues/1,0.0
2026-05-06T21:34:34.719846,gh_2dbcbe18,github,https://github.com/ull0sm/FitTrack/issues/7,0.0
2026-05-06T21:34:34.734811,gh_2dbcbe18,github,https://github.com/ull0sm/FitTrack/issues/7,0.0
2026-05-06T21:34:54.166607,gh_830ef597,github,https://github.com/awslabs/keys_values/issues/104,0.0
2026-05-06T21:34:54.750695,gh_830ef597,github,https://github.com/awslabs/keys_values/issues/104,0.0
2026-05-06T21:36:15.206952,gh_eeb8b946,github,https://github.com/tecnolgd/repoScanner/issues/14,0.0
2026-05-06T21:36:19.457780,gh_2b14dbaf,github,https://github.com/lingdojo/kana-dojo/issues/15906,0.0
2026-05-06T21:36:46.609791,gh_48785700,github,https://github.com/stumpy-dev/stumpy/issues/1137,0.0
2026-05-06T21:37:43.973611,gh_2498bd88,github,https://github.com/Agile-group-18/sortsmart-backend/issues/25,0.0
2026-05-06T21:37:48.183677,gh_7e9df2a8,github,https://github.com/ull0sm/EntryDesk/issues/76,0.0
2026-05-06T21:43:19.300626,gh_81a26b69,github,https://github.com/guibranco/blog/issues/62,0.0
2026-05-06T21:43:23.596498,gh_d508bb3f,github,https://github.com/guibranco/blog/issues/61,0.0
2026-05-06T21:43:27.761932,gh_4be8fef5,github,https://github.com/guibranco/blog/issues/60,0.0
2026-05-06T21:43:32.333053,gh_71a19d29,github,https://github.com/guibranco/blog/issues/59,0.0
2026-05-06T21:43:37.110597,gh_3992bf55,github,https://github.com/guibranco/blog/issues/58,0.0
2026-05-06T21:44:49.791924,gh_33a469ac,github,https://github.com/xianfeng92/finetune-lab/issues/3,0.0
2026-05-06T21:44:55.073141,gh_1e626b8e,github,https://github.com/Sunday-Abel/Stellar-On-Chain-Reputation-System/issues/4,0.0
2026-05-06T21:45:00.828048,gh_6aae892d,github,https://github.com/xianfeng92/finetune-lab/issues/1,0.0
2026-05-06T21:45:18.770380,gh_8f3dd493,github,https://github.com/xianfeng92/finetune-lab/issues/2,0.0
2026-05-06T21:45:19.688758,gh_8f3dd493,github,https://github.com/xianfeng92/finetune-lab/issues/2,0.0
2026-05-06T21:45:23.906714,gh_c9d61f4c,github,https://github.com/Sunday-Abel/Stellar-On-Chain-Reputation-System/issues/2,0.0
2026-05-06T21:45:25.472973,gh_c9d61f4c,github,https://github.com/Sunday-Abel/Stellar-On-Chain-Reputation-System/issues/2,0.0
2026-05-06T21:47:09.989405,gh_dd551726,github,https://github.com/DevJuanD/CadastroDePessoas/issues/1,0.0
2026-05-06T21:47:14.629068,gh_3ef2abec,github,https://github.com/Bluebleidd/Equilibrium/issues/23,0.0
2026-05-06T21:50:16.720188,gh_1aadd919,github,https://github.com/marketinglior-pixel/agentbill/issues/1,0.0
2026-05-06T21:51:33.232862,gh_8a0061ec,github,https://github.com/marketinglior-pixel/agentbill/issues/2,0.0
2026-05-06T21:53:04.282331,gh_b68db8d3,github,https://github.com/marketinglior-pixel/agentbill/issues/3,0.0
2026-05-06T21:53:10.775949,gh_220d005a,github,https://github.com/lingdojo/kana-dojo/issues/15907,0.0
2026-05-06T21:53:48.375488,gh_88b2021f,github,https://github.com/JubileeBee/2026_Agile_Project/issues/36,0.0
2026-05-06T21:54:39.575055,gh_293d3e0c,github,https://github.com/prowler-cloud/prowler/issues/11070,0.0
2026-05-06T21:54:48.470074,gh_0ce3882f,github,https://github.com/AzamAliCodes/Movie-Manager/issues/3,0.0
2026-05-06T21:55:28.130440,gh_605dd11e,github,https://github.com/marketinglior-pixel/agentbill/issues/4,0.0
2026-05-06T21:55:32.506581,gh_c7f3b962,github,https://github.com/containers/container-libs/issues/827,0.0
2026-05-06T21:58:54.542055,gh_e70bc486,github,https://github.com/SmogJ/PublicHealth-RAG-Africa/issues/6,0.0
2026-05-06T22:00:48.666400,gh_caf710ba,github,https://github.com/chickensoft-games/GodotEnv/issues/247,0.0
2026-05-06T22:02:12.632446,gh_498733ec,github,https://github.com/lingdojo/kana-dojo/issues/15908,0.0
2026-05-06T22:03:43.065535,gh_1e38e037,github,https://github.com/agent-sh/agnix/issues/875,0.0
2026-05-06T22:09:39.664011,gh_ccde121f,github,https://github.com/ymahlau/fdtdx/issues/318,0.0
2026-05-06T22:09:42.786477,gh_ccde121f,github,https://github.com/ymahlau/fdtdx/issues/318,0.0
2026-05-06T22:13:48.651369,gh_540fbbf3,github,https://github.com/dturovskiy/armactl/issues/36,0.0
2026-05-06T22:15:06.291452,gh_98d95814,github,https://github.com/Cadify/ZooDrawing/issues/8,0.0
2026-05-06T22:19:34.396936,gh_26ea9bff,github,https://github.com/lingdojo/kana-dojo/issues/15909,0.0
2026-05-06T22:19:37.009619,gh_26ea9bff,github,https://github.com/lingdojo/kana-dojo/issues/15909,0.0
2026-05-06T22:25:15.193105,gh_9d445a16,github,https://github.com/iammujtaba44/flutter_release_checklist/issues/2,0.0
2026-05-06T22:26:55.356713,gh_d7d8cfff,github,https://github.com/iammujtaba44/flutter_release_checklist/issues/1,0.0
2026-05-06T22:26:57.990272,gh_d7d8cfff,github,https://github.com/iammujtaba44/flutter_release_checklist/issues/1,0.0
2026-05-06T22:28:20.175886,gh_a72c234b,github,https://github.com/martincambray/Space/issues/7,0.0
2026-05-06T22:28:27.507968,gh_3f02058f,github,https://github.com/martincambray/Space/issues/6,0.0
2026-05-06T22:28:35.118645,gh_905ccf49,github,https://github.com/martincambray/Space/issues/5,0.0
2026-05-06T22:28:36.567440,gh_905ccf49,github,https://github.com/martincambray/Space/issues/5,0.0
2026-05-06T22:28:46.083100,gh_c4b1c2b9,github,https://github.com/martincambray/Space/issues/4,0.0
2026-05-06T22:28:46.269769,gh_c4b1c2b9,github,https://github.com/martincambray/Space/issues/4,0.0
2026-05-06T22:28:50.697706,gh_d0d2f286,github,https://github.com/martincambray/Space/issues/8,0.0
2026-05-06T22:34:57.271488,gh_eab05f81,github,https://github.com/lingdojo/kana-dojo/issues/15910,0.0
2026-05-06T22:36:40.091263,gh_f3278a1d,github,https://github.com/GEO-BON/bon-in-a-box-pipeline-engine/issues/379,0.0
2026-05-06T22:38:00.621759,gh_35a11fbf,github,https://github.com/luigi-project/luigi/issues/5090,0.0
2026-05-06T22:38:16.347920,gh_3a2b97b8,github,https://github.com/MohmadWalid/zady_academy/issues/3,0.0
2026-05-06T22:39:26.594866,gh_40007480,github,https://github.com/denzellsilva/applimap-ai/issues/13,0.0
2026-05-06T22:44:21.840068,gh_e868a5d7,github,https://github.com/GoDiao/Free-Way/issues/61,0.0
2026-05-06T22:44:26.132987,gh_a30e84ce,github,https://github.com/GoDiao/Free-Way/issues/60,0.0
2026-05-06T22:44:30.443924,gh_a75b577c,github,https://github.com/GoDiao/Free-Way/issues/57,0.0
2026-05-06T22:55:31.802312,gh_68cc0247,github,https://github.com/nuts-foundation/nuts-node/issues/4235,0.0
2026-05-06T22:55:37.036192,gh_736236cd,github,https://github.com/lingdojo/kana-dojo/issues/15911,0.0
2026-05-06T22:57:13.193646,gh_65dee429,github,https://github.com/cachly-dev/cachly-mcp/issues/5,0.0
2026-05-06T22:57:17.714119,gh_d744ccc6,github,https://github.com/cachly-dev/cachly-mcp/issues/4,0.0
2026-05-06T23:01:39.552103,gh_23be0701,github,https://github.com/lingdojo/kana-dojo/issues/15912,0.0
2026-05-06T23:03:29.395910,gh_57e268f6,github,https://github.com/safal207/pythiaLabs/issues/101,0.0
2026-05-06T23:04:28.391271,gh_47385bfd,github,https://github.com/safal207/pythiaLabs/issues/102,0.0
2026-05-06T23:06:04.153139,gh_2a97a60d,github,https://github.com/vllm-project/vllm-omni/issues/3391,0.0
2026-05-06T23:06:08.391751,gh_0b9af754,github,https://github.com/vllm-project/vllm-omni/issues/3390,0.0
2026-05-06T23:06:13.060806,gh_671e7ff9,github,https://github.com/vllm-project/vllm-omni/issues/3389,0.0
2026-05-06T23:06:17.143560,gh_3f1856d8,github,https://github.com/vllm-project/vllm-omni/issues/3388,0.0
2026-05-06T23:07:52.966538,gh_7de6ee6b,github,https://github.com/subseadata/deep-framex/issues/4,0.0
2026-05-06T23:16:42.271126,gh_bb0bf9d2,github,https://github.com/zgornel/DataLinter/issues/73,0.0
